{"indexes":[{"v":{"$numberInt":"2"},"key":{"_id":{"$numberInt":"1"}},"name":"_id_"},{"v":{"$numberInt":"2"},"key":{"type":{"$numberInt":"1"},"destination":{"$numberInt":"1"},"isActive":{"$numberInt":"1"}},"name":"type_1_destination_1_isActive_1","background":true},{"v":{"$numberInt":"2"},"key":{"name":{"$numberInt":"1"}},"name":"name_1","background":true},{"v":{"$numberInt":"2"},"key":{"destination":{"$numberInt":"1"}},"name":"destination_1","background":true}],"uuid":"ee43a3e276c34d8c8667f2a2b6a6a837","collectionName":"costitems","type":"collection"}