{"indexes":[{"v":{"$numberInt":"2"},"key":{"_id":{"$numberInt":"1"}},"name":"_id_"},{"v":{"$numberInt":"2"},"key":{"itineraryNumber":{"$numberInt":"1"}},"name":"itineraryNumber_1","background":true,"unique":true},{"v":{"$numberInt":"2"},"key":{"clientName":{"$numberInt":"1"}},"name":"clientName_1","background":true},{"v":{"$numberInt":"2"},"key":{"status":{"$numberInt":"1"},"createdAt":{"$numberInt":"-1"}},"name":"status_1_createdAt_-1","background":true},{"v":{"$numberInt":"2"},"key":{"createdBy":{"$numberInt":"1"}},"name":"createdBy_1","background":true},{"v":{"$numberInt":"2"},"key":{"travelDates.startDate":{"$numberInt":"1"}},"name":"travelDates.startDate_1","background":true}],"uuid":"494751378d74422594eedccbf1797024","collectionName":"itineraries","type":"collection"}