{"indexes":[{"v":{"$numberInt":"2"},"key":{"_id":{"$numberInt":"1"}},"name":"_id_"},{"v":{"$numberInt":"2"},"key":{"timestamp":{"$numberInt":"-1"}},"name":"timestamp_-1","background":true},{"v":{"$numberInt":"2"},"key":{"performedBy.userId":{"$numberInt":"1"}},"name":"performedBy.userId_1","background":true},{"v":{"$numberInt":"2"},"key":{"action":{"$numberInt":"1"}},"name":"action_1","background":true}],"uuid":"be73b8481b3c4c359bab5c11457f8dbc","collectionName":"telecaller_logs","type":"collection"}