{"indexes":[{"v":{"$numberInt":"2"},"key":{"_id":{"$numberInt":"1"}},"name":"_id_"},{"v":{"$numberInt":"2"},"key":{"timestamp":{"$numberInt":"-1"}},"name":"timestamp_-1","background":true},{"v":{"$numberInt":"2"},"key":{"userId":{"$numberInt":"1"}},"name":"userId_1","background":true},{"v":{"$numberInt":"2"},"key":{"action":{"$numberInt":"1"}},"name":"action_1","background":true},{"v":{"$numberInt":"2"},"key":{"deviceType":{"$numberInt":"1"}},"name":"deviceType_1","background":true}],"uuid":"f3260550634e45b2b4dbae5d3d2beb9a","collectionName":"logs","type":"collection"}