{"indexes":[{"v":{"$numberInt":"2"},"key":{"_id":{"$numberInt":"1"}},"name":"_id_"},{"v":{"$numberInt":"2"},"key":{"slug":{"$numberInt":"1"}},"name":"slug_1","background":true,"unique":true},{"v":{"$numberInt":"2"},"key":{"_fts":"text","_ftsx":{"$numberInt":"1"}},"name":"name_text_description_text_location_text","background":true,"weights":{"description":{"$numberInt":"1"},"location":{"$numberInt":"1"},"name":{"$numberInt":"1"}},"default_language":"english","language_override":"language","textIndexVersion":{"$numberInt":"3"}},{"v":{"$numberInt":"2"},"key":{"isActive":{"$numberInt":"1"}},"name":"isActive_1","background":true},{"v":{"$numberInt":"2"},"key":{"name":{"$numberInt":"1"}},"name":"name_1","background":true},{"v":{"$numberInt":"2"},"key":{"location":{"$numberInt":"1"}},"name":"location_1","background":true},{"v":{"$numberInt":"2"},"key":{"holidayType":{"$numberInt":"1"}},"name":"holidayType_1","background":true},{"v":{"$numberInt":"2"},"key":{"country":{"$numberInt":"1"}},"name":"country_1","background":true},{"v":{"$numberInt":"2"},"key":{"state":{"$numberInt":"1"}},"name":"state_1","background":true},{"v":{"$numberInt":"2"},"key":{"tourType":{"$numberInt":"1"}},"name":"tourType_1","background":true},{"v":{"$numberInt":"2"},"key":{"category":{"$numberInt":"1"}},"name":"category_1","background":true},{"v":{"$numberInt":"2"},"key":{"tourType":{"$numberInt":"1"},"country":{"$numberInt":"1"}},"name":"tourType_1_country_1","background":true},{"v":{"$numberInt":"2"},"key":{"tourType":{"$numberInt":"1"},"state":{"$numberInt":"1"}},"name":"tourType_1_state_1","background":true},{"v":{"$numberInt":"2"},"key":{"country":{"$numberInt":"1"},"state":{"$numberInt":"1"}},"name":"country_1_state_1","background":true}],"uuid":"01d68c85870542c091772e492b8fbbee","collectionName":"destinations","type":"collection"}