{"indexes":[{"v":{"$numberInt":"2"},"key":{"_id":{"$numberInt":"1"}},"name":"_id_"},{"v":{"$numberInt":"2"},"key":{"category":{"$numberInt":"1"},"tourType":{"$numberInt":"1"},"state":{"$numberInt":"1"},"isActive":{"$numberInt":"1"},"order":{"$numberInt":"1"}},"name":"category_1_tourType_1_state_1_isActive_1_order_1","background":true},{"v":{"$numberInt":"2"},"key":{"category":{"$numberInt":"1"},"tourType":{"$numberInt":"1"},"state":{"$numberInt":"1"},"country":{"$numberInt":"1"},"isActive":{"$numberInt":"1"},"order":{"$numberInt":"1"}},"name":"category_1_tourType_1_state_1_country_1_isActive_1_order_1","background":true},{"v":{"$numberInt":"2"},"key":{"location":{"$numberInt":"1"},"isActive":{"$numberInt":"1"},"order":{"$numberInt":"1"}},"name":"location_1_isActive_1_order_1","background":true},{"v":{"$numberInt":"2"},"key":{"tourType":{"$numberInt":"1"},"location":{"$numberInt":"1"},"isActive":{"$numberInt":"1"},"order":{"$numberInt":"1"}},"name":"tourType_1_location_1_isActive_1_order_1","background":true}],"uuid":"e4d109070de84fa88c262f7c05b1a3e1","collectionName":"faqs","type":"collection"}