{"indexes":[{"v":{"$numberInt":"2"},"key":{"_id":{"$numberInt":"1"}},"name":"_id_"},{"v":{"$numberInt":"2"},"key":{"slug":{"$numberInt":"1"}},"name":"slug_1","background":true,"unique":true},{"v":{"$numberInt":"2"},"key":{"_fts":"text","_ftsx":{"$numberInt":"1"}},"name":"title_text_description_text_destination_text","background":true,"weights":{"description":{"$numberInt":"1"},"destination":{"$numberInt":"1"},"title":{"$numberInt":"1"}},"default_language":"english","language_override":"language","textIndexVersion":{"$numberInt":"3"}},{"v":{"$numberInt":"2"},"key":{"isActive":{"$numberInt":"1"}},"name":"isActive_1","background":true},{"v":{"$numberInt":"2"},"key":{"title":{"$numberInt":"1"}},"name":"title_1","background":true},{"v":{"$numberInt":"2"},"key":{"destination":{"$numberInt":"1"}},"name":"destination_1","background":true},{"v":{"$numberInt":"2"},"key":{"departureDate":{"$numberInt":"1"}},"name":"departureDate_1","background":true},{"v":{"$numberInt":"2"},"key":{"status":{"$numberInt":"1"}},"name":"status_1","background":true},{"v":{"$numberInt":"2"},"key":{"holidayType":{"$numberInt":"1"}},"name":"holidayType_1","background":true},{"v":{"$numberInt":"2"},"key":{"country":{"$numberInt":"1"}},"name":"country_1","background":true},{"v":{"$numberInt":"2"},"key":{"state":{"$numberInt":"1"}},"name":"state_1","background":true},{"v":{"$numberInt":"2"},"key":{"tourType":{"$numberInt":"1"}},"name":"tourType_1","background":true},{"v":{"$numberInt":"2"},"key":{"category":{"$numberInt":"1"}},"name":"category_1","background":true},{"v":{"$numberInt":"2"},"key":{"tourType":{"$numberInt":"1"},"country":{"$numberInt":"1"}},"name":"tourType_1_country_1","background":true},{"v":{"$numberInt":"2"},"key":{"tourType":{"$numberInt":"1"},"state":{"$numberInt":"1"}},"name":"tourType_1_state_1","background":true},{"v":{"$numberInt":"2"},"key":{"country":{"$numberInt":"1"},"state":{"$numberInt":"1"}},"name":"country_1_state_1","background":true}],"uuid":"4ed212d6e5a44aa8940043a95b3f7735","collectionName":"fixeddepartures","type":"collection"}