{"indexes":[{"v":{"$numberInt":"2"},"key":{"_id":{"$numberInt":"1"}},"name":"_id_"},{"v":{"$numberInt":"2"},"key":{"package":{"$numberInt":"1"},"isApproved":{"$numberInt":"1"}},"name":"package_1_isApproved_1","background":true},{"v":{"$numberInt":"2"},"key":{"rating":{"$numberInt":"-1"}},"name":"rating_-1","background":true},{"v":{"$numberInt":"2"},"key":{"createdAt":{"$numberInt":"-1"}},"name":"createdAt_-1","background":true},{"v":{"$numberInt":"2"},"key":{"isFeatured":{"$numberInt":"1"},"isApproved":{"$numberInt":"1"}},"name":"isFeatured_1_isApproved_1","background":true},{"v":{"$numberInt":"2"},"key":{"verified":{"$numberInt":"1"},"isApproved":{"$numberInt":"1"}},"name":"verified_1_isApproved_1","background":true},{"v":{"$numberInt":"2"},"key":{"user.email":{"$numberInt":"1"}},"name":"user.email_1","background":true},{"v":{"$numberInt":"2"},"key":{"source":{"$numberInt":"1"}},"name":"source_1","background":true}],"uuid":"619a6dc11988451b8d45d57d8b0b7d92","collectionName":"reviews","type":"collection"}