{"indexes":[{"v":{"$numberInt":"2"},"key":{"_id":{"$numberInt":"1"}},"name":"_id_"},{"v":{"$numberInt":"2"},"key":{"type":{"$numberInt":"1"},"destination":{"$numberInt":"1"},"isActive":{"$numberInt":"1"}},"name":"type_1_destination_1_isActive_1","background":true},{"v":{"$numberInt":"2"},"key":{"name":{"$numberInt":"1"}},"name":"name_1","background":true},{"v":{"$numberInt":"2"},"key":{"destination":{"$numberInt":"1"}},"name":"destination_1","background":true}],"uuid":"8058fed2e99741a18a7aaa2add8c325a","collectionName":"costitems","type":"collection"}